{
  "model_info": {
    "formula": "rating ~ 1 + N2_amp + P2_amp + N1_amp + N2_lat + P2_lat + N1_lat + Gamma_mag + Beta_mag + ERP_mag + Alpha_mag + (1 | database) + (1 + N2_amp + P2_amp + N1_amp + N2_lat + P2_lat + N1_lat + Gamma_mag + Beta_mag + ERP_mag + Alpha_mag | subject:database)",
    "num_observations": 35851,
    "num_groups_database": 10,
    "num_groups_subject": 772,
    "num_groups_subject_database": 772,
    "loglikelihood": -44623.292524427256,
    "aic": 89294.585048854511,
    "bic": 89498.268725664646,
    "covariance_pattern": [
      "Diagonal",
      "Diagonal"
    ]
  },
  "fixed_effects": {
    "x_Intercept_": {
      "estimate": -0.0016732713251180567,
      "se": 0.0042729760946783385,
      "tStat": -0.39159388867211,
      "pValue": 0.69536063227672973
    },
    "N2_amp": {
      "estimate": -0.22363200212586071,
      "se": 0.0095581948209200341,
      "tStat": -23.396886788329219,
      "pValue": 3.6680150416095283E-120
    },
    "P2_amp": {
      "estimate": 0.1123695630651651,
      "se": 0.00784243179408536,
      "tStat": 14.328408077442569,
      "pValue": 1.9545681474536688E-46
    },
    "N1_amp": {
      "estimate": -0.055290875658223188,
      "se": 0.00570242537815806,
      "tStat": -9.6960279164727421,
      "pValue": 3.33797979635631E-22
    },
    "N2_lat": {
      "estimate": -0.06117420780808832,
      "se": 0.0065085951924511313,
      "tStat": -9.3989879535049354,
      "pValue": 5.82385730240215E-21
    },
    "P2_lat": {
      "estimate": -0.014378034504719736,
      "se": 0.005462505468027133,
      "tStat": -2.6321318283114841,
      "pValue": 0.0084887290724680615
    },
    "N1_lat": {
      "estimate": 0.0098448750005616509,
      "se": 0.0049294824799201581,
      "tStat": 1.9971416960429296,
      "pValue": 0.045817339904819537
    },
    "Gamma_mag": {
      "estimate": 0.059616017838130579,
      "se": 0.0057080109634407719,
      "tStat": 10.444271782231164,
      "pValue": 1.6934295850514842E-25
    },
    "Beta_mag": {
      "estimate": -0.016238509051143987,
      "se": 0.0051940903224011927,
      "tStat": -3.1263432176198727,
      "pValue": 0.0017713630790972092
    },
    "ERP_mag": {
      "estimate": 0.13505268039826115,
      "se": 0.00977880269108092,
      "tStat": 13.810758296763716,
      "pValue": 2.8341528481506585E-43
    },
    "Alpha_mag": {
      "estimate": -0.00089505741053848536,
      "se": 0.0050258012583978481,
      "tStat": -0.17809248008820319,
      "pValue": 0.85865135418993344
    }
  },
  "random_effects": {
    "database": {
      "variance_intercept": 8.7615264188564925E-9
    },
    "subject_database": {
      "covariance_matrix": [
        [
          4.2226235761620121E-14,
          0,
          0,
          0,
          0,
          0,
          0,
          0,
          0,
          0,
          0
        ],
        [
          0,
          0.02665635595287082,
          0,
          0,
          0,
          0,
          0,
          0,
          0,
          0,
          0
        ],
        [
          0,
          0,
          0.012708495903901053,
          0,
          0,
          0,
          0,
          0,
          0,
          0,
          0
        ],
        [
          0,
          0,
          0,
          0.0059323430224443655,
          0,
          0,
          0,
          0,
          0,
          0,
          0
        ],
        [
          0,
          0,
          0,
          0,
          0.012330813241719248,
          0,
          0,
          0,
          0,
          0,
          0
        ],
        [
          0,
          0,
          0,
          0,
          0,
          0.0044076311254693263,
          0,
          0,
          0,
          0,
          0
        ],
        [
          0,
          0,
          0,
          0,
          0,
          0,
          0.0020661788264642739,
          0,
          0,
          0,
          0
        ],
        [
          0,
          0,
          0,
          0,
          0,
          0,
          0,
          0.0060403538517593133,
          0,
          0,
          0
        ],
        [
          0,
          0,
          0,
          0,
          0,
          0,
          0,
          0,
          0.0017412733905654942,
          0,
          0
        ],
        [
          0,
          0,
          0,
          0,
          0,
          0,
          0,
          0,
          0,
          0.014409887517466151,
          0
        ],
        [
          0,
          0,
          0,
          0,
          0,
          0,
          0,
          0,
          0,
          0,
          0.0025539346923207891
        ]
      ],
      "variances": [
        4.2226235761620121E-14,
        0.02665635595287082,
        0.012708495903901053,
        0.0059323430224443655,
        0.012330813241719248,
        0.0044076311254693263,
        0.0020661788264642739,
        0.0060403538517593133,
        0.0017412733905654942,
        0.014409887517466151,
        0.0025539346923207891
      ],
      "variance_names": [
        "intercept",
        "N2_amp",
        "P2_amp",
        "N1_amp",
        "N2_lat",
        "P2_lat",
        "N1_lat",
        "Gamma_mag",
        "Beta_mag",
        "ERP_mag",
        "Alpha_mag"
      ]
    },
    "residual_variance": 0.65221907868696927
  },
  "feature_names": [
    [
      "N2_amp",
      "P2_amp",
      "N1_amp",
      "N2_lat",
      "P2_lat",
      "N1_lat",
      "Gamma_mag",
      "Beta_mag",
      "ERP_mag",
      "Alpha_mag"
    ]
  ],
  "data_stats": {
    "N2_amp": {
      "mean": 9.2655359395232158E-18,
      "std": 0.989188416758593,
      "min": -4.9911828187561191,
      "max": 4.466948767474693
    },
    "P2_amp": {
      "mean": 4.7566387710921328E-18,
      "std": 0.9891884167585937,
      "min": -4.18614766874912,
      "max": 5.9795620977801862
    },
    "N1_amp": {
      "mean": -0.027572952695831075,
      "std": 1.0008085371620574,
      "min": -5.4027016558061174,
      "max": 4.3696161466313432
    },
    "N2_lat": {
      "mean": 1.42699163132764E-17,
      "std": 0.98918841675859259,
      "min": -3.3814993378359435,
      "max": 5.0939396896461995
    },
    "P2_lat": {
      "mean": -3.3692857961902607E-18,
      "std": 0.98918841675859259,
      "min": -3.0814246187135654,
      "max": 5.340369832109773
    },
    "N1_lat": {
      "mean": 2.4179580419718342E-17,
      "std": 0.989188416758593,
      "min": -3.4395957452729857,
      "max": 2.4726313277947956
    },
    "Gamma_mag": {
      "mean": 1.3080756620503365E-17,
      "std": 0.98918841675859259,
      "min": -7.7020251238720716,
      "max": 11.701155360752772
    },
    "Beta_mag": {
      "mean": 1.2684370056245686E-17,
      "std": 0.98918841675859293,
      "min": -7.0700264091049885,
      "max": 8.9790117393092643
    },
    "ERP_mag": {
      "mean": 1.5855462570307109E-17,
      "std": 0.98918841675859437,
      "min": -8.658359569807498,
      "max": 9.1501049857755028
    },
    "Alpha_mag": {
      "mean": -1.5062689441791754E-17,
      "std": 0.98918841675859281,
      "min": -10.010142798415405,
      "max": 8.18944187817294
    },
    "rating": {
      "mean": 1.5855462570307108E-18,
      "std": 0.98918841675859515,
      "min": -5.3722535080001483,
      "max": 3.7511646936837884
    },
    "laserpower": {
      "mean": -6.2629077152713083E-17,
      "std": 0.94136314704607549,
      "min": -1.6346115107636416,
      "max": 2.656844656620287
    }
  },
  "grouping_info": {
    "unique_databases": [
      1,
      2,
      3,
      4,
      5,
      6,
      7,
      8,
      9,
      10
    ],