{
  "model_info": {
    "formula": "rating_z ~ 1 + erp_N2 + erp_P2 + erp_N1 + latency_N2 + latency_P2 + latency_N1 + TF_gamma + TF_beta + TF_LEP + TF_alpha + (1 | database) + (1 + erp_N2 + erp_P2 + erp_N1 + latency_N2 + latency_P2 + latency_N1 + TF_gamma + TF_beta + TF_LEP + TF_alpha | subject:database)",
    "num_observations": 48910,
    "num_groups_database": 11,
    "num_groups_subject": 936,
    "num_groups_subject_database": 936,
    "loglikelihood": -61448.797211013552,
    "aic": 122945.5944220271,
    "bic": 123156.73471543565,
    "covariance_pattern": [
      "Diagonal",
      "Diagonal"
    ]
  },
  "fixed_effects": {
    "x_Intercept_": {
      "estimate": -0.0013935961808218464,
      "se": 0.0037002353081694935,
      "tStat": -0.37662366437751182,
      "pValue": 0.706454933134911
    },
    "erp_N2": {
      "estimate": -0.1952443894994659,
      "se": 0.0079736807622740619,
      "tStat": -24.48610564185454,
      "pValue": 1.2936834215841736E-131
    },
    "erp_P2": {
      "estimate": 0.11406420230449116,
      "se": 0.0067721650136159843,
      "tStat": 16.843092581937366,
      "pValue": 1.7816025017554221E-63
    },
    "erp_N1": {
      "estimate": -0.052528986967400548,
      "se": 0.0050479363138357328,
      "tStat": -10.406032030044727,
      "pValue": 2.4734896885919293E-25
    },
    "latency_N2": {
      "estimate": -0.055155375475277935,
      "se": 0.0051930723393714632,
      "tStat": -10.620952659780125,
      "pValue": 2.5439108174887176E-26
    },
    "latency_P2": {
      "estimate": -0.004372522002922939,
      "se": 0.0046230279683708124,
      "tStat": -0.94581344366468256,
      "pValue": 0.34424842087963869
    },
    "latency_N1": {
      "estimate": 0.011972511577212465,
      "se": 0.0041403448271468751,
      "tStat": 2.8916701572083214,
      "pValue": 0.0038336883398490651
    },
    "TF_gamma": {
      "estimate": 0.054161698323720128,
      "se": 0.0049935866210497545,
      "tStat": 10.846251889455404,
      "pValue": 2.2324693162918223E-27
    },
    "TF_beta": {
      "estimate": -0.017778359725296969,
      "se": 0.0049784803905219182,
      "tStat": -3.5710414284534679,
      "pValue": 0.00035590564125671234
    },
    "TF_LEP": {
      "estimate": 0.16644034158730595,
      "se": 0.00815149928457472,
      "tStat": 20.418371611988615,
      "pValue": 2.7902360735706145E-92
    },
    "TF_alpha": {
      "estimate": -0.010715073546720496,
      "se": 0.00450684519047894,
      "tStat": -2.3775108959493263,
      "pValue": 0.0174337498346584
    }
  },
  "random_effects": {
    "database": {
      "variance_intercept": 4.0203339625666415E-9
    },
    "subject_database": {
      "covariance_matrix": [
        [
          4.313461833913659E-15,
          0,
          0,
          0,
          0,
          0,
          0,
          0,
          0,
          0,
          0
        ],
        [
          0,
          0.025765514413205168,
          0,
          0,
          0,
          0,
          0,
          0,
          0,
          0,
          0
        ],
        [
          0,
          0,
          0.014617514433262407,
          0,
          0,
          0,
          0,
          0,
          0,
          0,
          0
        ],
        [
          0,
          0,
          0,
          0.00671416072745201,
          0,
          0,
          0,
          0,
          0,
          0,
          0
        ],
        [
          0,
          0,
          0,
          0,
          0.0078850622524322331,
          0,
          0,
          0,
          0,
          0,
          0
        ],
        [
          0,
          0,
          0,
          0,
          0,
          0.0036980994196323838,
          0,
          0,
          0,
          0,
          0
        ],
        [
          0,
          0,
          0,
          0,
          0,
          0,
          0.0012517259779268582,
          0,
          0,
          0,
          0
        ],
        [
          0,
          0,
          0,
          0,
          0,
          0,
          0,
          0.0064286873366372638,
          0,
          0,
          0
        ],
        [
          0,
          0,
          0,
          0,
          0,
          0,
          0,
          0,
          0.0041217582786439843,
          0,
          0
        ],
        [
          0,
          0,
          0,
          0,
          0,
          0,
          0,
          0,
          0,
          0.018111977469031693,
          0
        ],
        [
          0,
          0,
          0,
          0,
          0,
          0,
          0,
          0,
          0,
          0,
          0.0035243455295977527
        ]
      ],
      "variances": [
        4.313461833913659E-15,
        0.025765514413205168,
        0.014617514433262407,
        0.00671416072745201,
        0.0078850622524322331,
        0.0036980994196323838,
        0.0012517259779268582,
        0.0064286873366372638,
        0.0041217582786439843,
        0.018111977469031693,
        0.0035243455295977527
      ],
      "variance_names": [
        "intercept",
        "erp_N2",
        "erp_P2",
        "erp_N1",
        "latency_N2",
        "latency_P2",
        "latency_N1",
        "TF_gamma",
        "TF_beta",
        "TF_LEP",
        "TF_alpha"
      ]
    },
    "residual_variance": 0.667825889575696
  },
  "feature_names": [
    [
      "erp_N2",
      "erp_P2",
      "erp_N1",
      "latency_N2",
      "latency_P2",
      "latency_N1",
      "TF_gamma",
      "TF_beta",
      "TF_LEP",
      "TF_alpha"
    ]
  ],
  "data_stats": {
    "erp_N2": {
      "mean": -4.521701625543471E-18,
      "std": 0.99039530698329792,
      "min": -6.3107284447063536,
      "max": 4.3701390105506022
    },
    "erp_P2": {
      "mean": -3.83527463178627E-17,
      "std": 0.99039530698329958,
      "min": -6.8470451267511576,
      "max": 5.9740260001953072
    },
    "erp_N1": {
      "mean": -0.02026633894619103,
      "std": 0.99878231856474886,
      "min": -5.3702873087514327,
      "max": 5.2355785031541311
    },
    "latency_N2": {
      "mean": 2.6440150870647769E-17,
      "std": 0.99039530698329825,
      "min": -3.1540633739555459,
      "max": 4.6038505304026947
    },
    "latency_P2": {
      "mean": 4.7940932897328372E-18,
      "std": 0.990395306983299,
      "min": -2.9828716640901964,
      "max": 4.1165381906633112
    },
    "latency_N1": {
      "mean": 0.0047259776832451255,
      "std": 0.98448044363545051,
      "min": -3.5162232050751805,
      "max": 2.5120230492218711
    },
    "TF_gamma": {
      "mean": -2.9055110846865679E-18,
      "std": 0.99039530698329814,
      "min": -8.6945069639556216,
      "max": 11.700649465342714
    },
    "TF_beta": {
      "mean": 1.7433066508119408E-18,
      "std": 0.99039530698329947,
      "min": -7.4099932635929378,
      "max": 7.8125534585563781
    },
    "TF_LEP": {
      "mean": 1.9757475375868662E-17,
      "std": 0.99039530698329825,
      "min": -6.2098779809351319,
      "max": 10.088823002781709
    },
    "TF_alpha": {
      "mean": 3.3268101919661205E-17,
      "std": 0.99039530698329814,
      "min": -9.77722798932614,
      "max": 7.169815581450111
    },
    "rating": {
      "mean": 4.4489816150817649,
      "std": 2.7298445473591797,
      "min": 0,
      "max": 10
    },
    "laserpower": {
      "mean": 3.2828153751789,
      "std": 0.65335557422095547,
      "min": 1,
      "max": 4.5
    }
  },
  "grouping_info": {
    "unique_databases": [
      1,
      2,
      3,
      4,
      5,
      6,
      7,
      8,
      9,
      10,
      11
    ],