{
  "model_info": {
    "formula": "rating ~ 1 + erp_N2 + erp_P2 + erp_N1 + latency_N2 + latency_P2 + latency_N1 + TF_gamma + TF_beta + TF_LEP + TF_alpha + (1 | database) + (1 + erp_N2 + erp_P2 + erp_N1 + latency_N2 + latency_P2 + latency_N1 + TF_gamma + TF_beta + TF_LEP + TF_alpha | subject:database)",
    "num_observations": 35851,
    "num_groups_database": 10,
    "num_groups_subject": 772,
    "num_groups_subject_database": 772,
    "loglikelihood": -44772.989370979652,
    "aic": 89593.9787419593,
    "bic": 89797.66241876944,
    "covariance_pattern": [
      "Diagonal",
      "Diagonal"
    ]
  },
  "fixed_effects": {
    "x_Intercept_": {
      "estimate": -0.0013076165300665147,
      "se": 0.0042955619613644332,
      "tStat": -0.304411050714111,
      "pValue": 0.76081651720282273
    },
    "erp_N2": {
      "estimate": -0.21406375148221896,
      "se": 0.00959857782615205,
      "tStat": -22.301611276098225,
      "pValue": 1.983740705330103E-109
    },
    "erp_P2": {
      "estimate": 0.11171353272693056,
      "se": 0.0078038651165668995,
      "tStat": 14.315154229123316,
      "pValue": 2.3627334421525032E-46
    },
    "erp_N1": {
      "estimate": -0.048757444633096392,
      "se": 0.0056575100676325056,
      "tStat": -8.6181807986600525,
      "pValue": 7.0763884307710035E-18
    },
    "latency_N2": {
      "estimate": -0.010449150016370014,
      "se": 0.0057785968642715835,
      "tStat": -1.8082503870404834,
      "pValue": 0.070575917975239419
    },
    "latency_P2": {
      "estimate": -0.022504784933804228,
      "se": 0.0055252189237930934,
      "tStat": -4.07310284790572,
      "pValue": 4.6490589051275019E-5
    },
    "latency_N1": {
      "estimate": 0.016499699959308715,
      "se": 0.0048399984527574486,
      "tStat": 3.4090300070051653,
      "pValue": 0.00065266059172577938
    },
    "TF_gamma": {
      "estimate": 0.061299355090085959,
      "se": 0.0057733652644659152,
      "tStat": 10.617612481124848,
      "pValue": 2.7004166702678089E-26
    },
    "TF_beta": {
      "estimate": -0.014161292081604783,
      "se": 0.0052457066677918072,
      "tStat": -2.6995966374852625,
      "pValue": 0.0069456156305088808
    },
    "TF_LEP": {
      "estimate": 0.15052475558730807,
      "se": 0.0097164231833913647,
      "tStat": 15.491786714745556,
      "pValue": 5.9000319967027082E-54
    },
    "TF_alpha": {
      "estimate": -0.0014279837221708583,
      "se": 0.0050729243508012859,
      "tStat": -0.28149123137334059,
      "pValue": 0.77833527778742861
    }
  },
  "random_effects": {
    "database": {
      "variance_intercept": 7.8354707184299224E-10
    },
    "subject_database": {
      "covariance_matrix": [
        [
          8.06440952892796E-14,
          0,
          0,
          0,
          0,
          0,
          0,
          0,
          0,
          0,
          0
        ],
        [
          0,
          0.028978770905856814,
          0,
          0,
          0,
          0,
          0,
          0,
          0,
          0,
          0
        ],
        [
          0,
          0,
          0.012814118207271692,
          0,
          0,
          0,
          0,
          0,
          0,
          0,
          0
        ],
        [
          0,
          0,
          0,
          0.00558348410340909,
          0,
          0,
          0,
          0,
          0,
          0,
          0
        ],
        [
          0,
          0,
          0,
          0,
          0.007127726292690378,
          0,
          0,
          0,
          0,
          0,
          0
        ],
        [
          0,
          0,
          0,
          0,
          0,
          0.0048014021599622611,
          0,
          0,
          0,
          0,
          0
        ],
        [
          0,
          0,
          0,
          0,
          0,
          0,
          0.0013006643075350235,
          0,
          0,
          0,
          0
        ],
        [
          0,
          0,
          0,
          0,
          0,
          0,
          0,
          0.0063937254838767827,
          0,
          0,
          0
        ],
        [
          0,
          0,
          0,
          0,
          0,
          0,
          0,
          0,
          0.0019602823545019641,
          0,
          0
        ],
        [
          0,
          0,
          0,
          0,
          0,
          0,
          0,
          0,
          0,
          0.015878257345896166,
          0
        ],
        [
          0,
          0,
          0,
          0,
          0,
          0,
          0,
          0,
          0,
          0,
          0.00273017734617708
        ]
      ],
      "variances": [
        8.06440952892796E-14,
        0.028978770905856814,
        0.012814118207271692,
        0.00558348410340909,
        0.007127726292690378,
        0.0048014021599622611,
        0.0013006643075350235,
        0.0063937254838767827,
        0.0019602823545019641,
        0.015878257345896166,
        0.00273017734617708
      ],
      "variance_names": [
        "intercept",
        "erp_N2",
        "erp_P2",
        "erp_N1",
        "latency_N2",
        "latency_P2",
        "latency_N1",
        "TF_gamma",
        "TF_beta",
        "TF_LEP",
        "TF_alpha"
      ]
    },
    "residual_variance": 0.65945219360589291
  },
  "feature_names": [
    [
      "erp_N2",
      "erp_P2",
      "erp_N1",
      "latency_N2",
      "latency_P2",
      "latency_N1",
      "TF_gamma",
      "TF_beta",
      "TF_LEP",
      "TF_alpha"
    ]
  ],
  "data_stats": {
    "erp_N2": {
      "mean": -2.2247195918962161E-17,
      "std": 0.98918841675859415,
      "min": -5.34097090354267,
      "max": 4.475371098831614
    },
    "erp_P2": {
      "mean": 1.3477143184761043E-17,
      "std": 0.98918841675859426,
      "min": -4.1567358668870726,
      "max": 5.9415376377425133
    },
    "erp_N1": {
      "mean": -0.022211917623468202,
      "std": 0.9995204786902927,
      "min": -5.5894298966530958,
      "max": 4.3295758762650163
    },
    "latency_N2": {
      "mean": 1.9026555084368531E-17,
      "std": 0.989188416758592,
      "min": -4.2567382290598221,
      "max": 3.6082482846690063
    },
    "latency_P2": {
      "mean": 2.1801261034172273E-18,
      "std": 0.989188416758593,
      "min": -3.5733917927064787,
      "max": 5.4424311964272674
    },
    "latency_N1": {
      "mean": -3.0317378625645818E-17,
      "std": 0.98918841675859215,
      "min": -4.2453720990352943,
      "max": 2.6840688468577674
    },
    "TF_gamma": {
      "mean": 1.3080756620503365E-17,
      "std": 0.98918841675859259,
      "min": -7.7020251238720716,
      "max": 11.701155360752772
    },
    "TF_beta": {
      "mean": 1.2684370056245686E-17,
      "std": 0.98918841675859293,
      "min": -7.0700264091049885,
      "max": 8.9790117393092643
    },
    "TF_LEP": {
      "mean": 1.5855462570307109E-17,
      "std": 0.98918841675859437,
      "min": -8.658359569807498,
      "max": 9.1501049857755028
    },
    "TF_alpha": {
      "mean": -1.5062689441791754E-17,
      "std": 0.98918841675859281,
      "min": -10.010142798415405,
      "max": 8.18944187817294
    },
    "rating": {
      "mean": 1.5855462570307108E-18,
      "std": 0.98918841675859515,
      "min": -5.3722535080001483,
      "max": 3.7511646936837884
    },
    "laserpower": {
      "mean": -6.2629077152713083E-17,
      "std": 0.94136314704607549,
      "min": -1.6346115107636416,
      "max": 2.656844656620287
    }
  },
  "grouping_info": {
    "unique_databases": [
      1,
      2,
      3,
      4,
      5,
      6,
      7,
      8,
      9,
      10
    ],